{"cameraMode":{"drawMode":0,"name":"Shaded","section":"Shading Mode"},"sceneLighting":true,"audioPlay":false,"sceneViewState":{"showFog":false,"showMaterialUpdate":false,"showSkybox":false,"showFlares":false,"showImageEffects":true,"showParticleSystems":true,"showVisualEffectGraphs":true,"m_FxEnabled":true},"in2DMode":false,"pivot":{"x":0.01105179637670517,"y":11.610124588012696,"z":5.5065507888793949},"rotation":{"x":-0.16009870171546937,"y":0.015395822934806347,"z":-0.0024977922439575197,"w":-0.9869806170463562},"size":17.721960067749025,"orthographic":false}