{"cameraMode":{"drawMode":0,"name":"Shaded","section":"Shading Mode"},"sceneLighting":true,"audioPlay":false,"sceneViewState":{"showFog":false,"showMaterialUpdate":false,"showSkybox":false,"showFlares":false,"showImageEffects":true,"showParticleSystems":true,"showVisualEffectGraphs":true,"m_FxEnabled":true},"in2DMode":false,"pivot":{"x":-1.2315804958343506,"y":-429.4371643066406,"z":103.51495361328125},"rotation":{"x":-0.6262942552566528,"y":0.006309580057859421,"z":-0.005074889399111271,"w":-0.7795565128326416},"size":248.59310913085938,"orthographic":false}